{
 "Central Harlem": [-73.94475918812277, 40.81462969883655],
 "Chelsea and Clinton": [-73.99094768036763, 40.75507546568214],
 "East Harlem": [-73.93435712427033, 40.79129735083779],
 "Gramercy Park and Murray Hill": [-73.97562321600373, 40.74872249441886],
 "Greenwich Village and Soho": [-74.00315896959789, 40.72654458477072],
 "Lower Manhattan": [-74.01584129801562, 40.70600207589005],
 "Lower East Side": [-73.98456230439093, 40.724878007859026],
 "Upper East Side": [-73.95506571306957, 40.771299664972524],
 "Upper West Side": [-73.97487991375925, 40.78894830040668],
 "Inwood and Washington Heights": [-73.93578701951012, 40.84838650795534]
}